Age,Sex,ChestPainType,RestingBP,Cholesterol,FastingBS,RestingECG,MaxHR,ExerciseAngina,Oldpeak,ST_Slope
58,M,ASY,132.25,,0,Normal,96.05,Y,1.5,Flat
70,M,NAP,151.79999999999998,224.0,0,LVH,147.04999999999998,N,3.2,Up
72,M,ASY,143.75,258.0,0,LVH,119.85,Y,2.8,Flat
61,M,NAP,138.0,188.0,0,Normal,118.14999999999999,N,2.0,Flat
51,F,NAP,158.7,220.0,0,Normal,129.2,N,0.0,Flat
54,M,NAP,138.0,240.0,1,Normal,164.9,N,0.8,Down
66,F,ATA,161.0,309.0,0,ST,119.0,N,0.0,Up
50,F,ASY,126.49999999999999,,0,Normal,132.6,N,0.0,Flat
63,F,NAP,138.0,295.0,0,LVH,133.45,N,0.6,Up
70,M,ASY,156.39999999999998,203.0,1,Normal,104.55,Y,1.2,Flat
46,M,ASY,132.25,,1,Normal,130.9,N,0.2,Up
48,M,NAP,172.5,160.0,0,Normal,146.2,N,0.0,Up
40,M,ATA,149.5,132.0,0,LVH,157.25,N,0.0,Up
58,M,NAP,172.5,163.0,0,Normal,98.6,N,0.0,Up
72,F,NAP,117.3,318.0,0,Normal,136.0,N,0.0,Up
68,M,ASY,149.5,,0,LVH,103.7,Y,1.0,Flat
64,M,ATA,184.0,196.0,0,Normal,140.25,N,0.0,Up
63,M,NAP,157.54999999999998,339.0,0,Normal,107.95,Y,1.7,Flat
70,M,NAP,161.0,179.0,0,Normal,136.0,N,0.0,Up
67,M,NAP,,,0,Normal,131.75,N,1.5,Flat
55,F,NAP,140.29999999999998,213.0,0,Normal,140.25,N,0.2,Flat
69,M,ATA,206.99999999999997,285.0,1,ST,102.0,N,0.8,Flat
57,M,NAP,126.49999999999999,,0,Normal,117.3,N,-0.1,Up
62,M,NAP,148.35,196.0,0,Normal,138.54999999999998,N,0.0,Up
72,M,ASY,143.75,,1,Normal,93.5,N,0.1,Up
63,M,ASY,147.2,,1,ST,106.25,Y,1.2,Flat
64,F,ATA,161.0,225.0,0,Normal,119.0,N,0.0,Up
66,M,ASY,156.39999999999998,220.0,0,Normal,119.0,Y,3.0,Flat
66,M,ASY,149.5,,1,Normal,93.5,Y,3.0,Flat
44,F,ATA,120.74999999999999,198.0,0,Normal,140.25,N,0.0,Up
64,F,NAP,156.39999999999998,196.0,0,LVH,143.65,N,0.1,Flat
70,M,ASY,132.25,,1,Normal,117.3,N,0.5,Up
66,F,NAP,124.19999999999999,267.0,0,LVH,141.95,N,0.0,Up
47,M,ATA,140.29999999999998,192.0,0,Normal,147.9,N,0.0,Up
70,M,ATA,156.39999999999998,164.0,0,ST,84.14999999999999,Y,2.0,Flat
79,M,ASY,114.99999999999999,299.0,0,LVH,106.25,Y,0.9,Flat
64,M,ASY,147.2,204.0,1,Normal,132.6,Y,1.0,Flat
55,M,ASY,138.0,177.0,0,LVH,102.0,Y,2.5,Flat
46,M,ATA,112.69999999999999,220.0,0,Normal,127.5,N,0.0,Up
72,M,ASY,151.79999999999998,218.0,0,ST,119.0,Y,1.5,Down
77,M,ASY,154.1,,0,Normal,95.2,Y,1.1,Flat
61,F,NAP,184.0,180.0,0,Normal,132.6,N,1.0,Flat
74,M,ASY,126.49999999999999,,0,Normal,102.0,Y,0.5,Flat
68,M,NAP,149.5,167.0,0,Normal,96.89999999999999,N,0.0,Up
74,M,ATA,138.0,281.0,0,LVH,87.55,N,1.4,Flat
74,M,ASY,159.85,170.0,0,ST,102.0,Y,3.0,Flat
63,M,ASY,109.24999999999999,,1,Normal,107.1,N,2.2,Flat
53,M,ATA,155.25,203.0,0,Normal,112.2,N,0.0,Flat
77,M,ASY,156.39999999999998,248.0,0,Normal,119.0,Y,4.0,Down
56,M,ATA,138.0,184.0,0,Normal,120.7,N,1.0,Flat
65,M,ASY,92.0,,0,Normal,119.85,Y,2.0,Down
66,M,ATA,184.0,195.0,0,ST,110.5,N,1.0,Up
50,F,ATA,138.0,275.0,0,Normal,109.64999999999999,N,0.0,Up
66,M,NAP,143.75,273.0,0,LVH,129.2,N,0.5,Down
81,M,NAP,161.0,254.0,0,LVH,124.1,N,2.0,Flat
53,M,NAP,149.5,214.0,0,LVH,142.79999999999998,N,2.0,Flat
67,M,NAP,156.39999999999998,245.0,1,ST,111.35,Y,1.2,Flat
43,F,ATA,114.99999999999999,219.0,0,ST,127.5,N,0.0,Up
58,F,NAP,163.29999999999998,177.0,0,LVH,136.0,Y,1.4,Down
63,F,NAP,172.5,200.0,0,Normal,102.0,N,0.5,Up
57,M,NAP,155.25,192.0,0,Normal,93.5,N,0.0,Up
80,M,NAP,206.99999999999997,274.0,1,LVH,127.5,Y,1.6,Flat
83,F,NAP,126.49999999999999,265.0,1,LVH,110.5,N,0.0,Up
63,F,ASY,138.0,,1,Normal,107.95,Y,1.5,Up
56,M,NAP,161.0,235.0,0,LVH,153.0,N,0.0,Up
78,M,ASY,128.79999999999998,212.0,0,LVH,112.2,Y,0.1,Up
73,M,ASY,143.75,,0,Normal,89.25,Y,0.0,Down
71,M,NAP,150.64999999999998,,0,Normal,108.8,Y,2.0,Down
77,M,TA,161.0,252.0,0,Normal,114.75,N,0.3,Up
56,F,ASY,138.0,218.0,0,ST,97.75,N,0.0,Up
63,M,ATA,143.75,188.0,0,Normal,123.25,N,0.0,Up
67,M,ASY,133.39999999999998,186.0,1,ST,86.7,N,0.0,Flat
63,F,ASY,131.1,258.0,1,LVH,81.6,N,1.0,Up
60,M,ASY,140.29999999999998,275.0,1,ST,127.5,Y,2.0,Down
66,F,ATA,149.5,253.0,0,ST,131.75,N,0.0,Up
67,M,NAP,138.0,,0,ST,106.25,Y,2.5,Flat
87,M,ASY,156.39999999999998,225.0,0,Normal,95.2,Y,3.0,Flat
76,M,ASY,166.75,212.0,0,LVH,112.2,N,2.0,Flat
66,M,ASY,138.0,188.0,0,Normal,96.05,N,1.4,Flat
60,M,ASY,138.0,260.0,0,Normal,97.75,N,2.0,Flat
73,M,ASY,161.0,207.0,0,LVH,117.3,Y,1.9,Up
68,M,ASY,157.54999999999998,282.0,1,Normal,107.1,Y,1.2,Flat
67,M,ATA,184.0,292.0,1,Normal,121.55,Y,2.0,Flat
65,M,ATA,149.5,,0,ST,102.0,N,0.7,Down
64,M,ASY,184.0,246.0,0,ST,69.7,Y,4.0,Flat
49,F,ATA,138.0,260.0,0,Normal,110.5,N,0.0,Up
75,M,ASY,161.0,,1,LVH,126.64999999999999,N,2.0,Up
70,M,ASY,149.5,,0,ST,85.0,Y,1.0,Flat
54,M,TA,170.2,244.0,0,LVH,151.29999999999998,N,0.8,Up
81,M,ASY,155.25,,0,Normal,110.5,N,0.0,Flat
60,M,ATA,149.5,245.0,0,LVH,153.0,N,0.2,Flat
70,M,NAP,172.5,219.0,0,ST,100.3,Y,0.0,Flat
67,M,ATA,161.0,,0,ST,127.5,N,0.2,Up
57,F,ATA,128.79999999999998,160.0,0,Normal,117.3,N,0.0,Flat
75,M,ASY,144.89999999999998,,0,ST,102.0,N,1.5,Down
54,M,ASY,156.39999999999998,315.0,0,Normal,106.25,Y,1.8,Flat
64,M,ASY,189.74999999999997,,1,Normal,103.7,Y,1.0,Up
69,M,ASY,159.85,277.0,1,ST,100.3,Y,1.9,Flat
71,F,ATA,149.5,188.0,0,Normal,105.39999999999999,N,1.0,Flat
53,M,ASY,126.49999999999999,289.0,0,Normal,144.5,N,0.0,Flat
60,M,ASY,132.25,,1,Normal,108.8,N,0.0,Flat
62,M,ASY,138.0,,0,ST,132.6,Y,0.0,Up
59,M,NAP,161.0,193.0,0,Normal,123.25,Y,1.0,Flat
46,F,ATA,149.5,161.0,0,Normal,161.5,N,0.0,Up
75,M,ASY,161.0,260.0,0,ST,95.2,Y,3.0,Flat
64,M,NAP,140.29999999999998,,0,Normal,93.5,Y,2.0,Down
69,F,ASY,161.0,241.0,0,Normal,104.55,Y,0.2,Flat
71,M,TA,154.1,204.0,0,Normal,137.7,N,0.8,Up
47,F,ASY,161.0,167.0,0,Normal,127.5,N,0.0,Up
68,M,ASY,178.25,342.0,1,Normal,127.5,Y,3.0,Flat
81,M,NAP,161.0,,1,ST,100.3,N,2.5,Down
70,F,TA,172.5,283.0,1,LVH,137.7,N,1.0,Up
51,M,ATA,138.0,241.0,0,ST,124.1,N,2.0,Up
82,M,ASY,149.5,322.0,0,LVH,92.64999999999999,N,2.4,Flat
81,M,ASY,149.5,,1,ST,109.64999999999999,N,1.0,Flat
64,M,NAP,147.2,,0,ST,153.0,N,3.0,Up
60,M,ASY,161.0,208.0,0,Normal,135.15,Y,1.5,Up
74,F,ASY,142.6,209.0,0,Normal,138.54999999999998,N,0.0,Up
53,M,ASY,172.5,171.0,0,Normal,108.8,Y,1.5,Flat
72,M,ASY,163.29999999999998,216.0,0,Normal,93.5,Y,2.5,Flat
66,M,ATA,138.0,238.0,0,Normal,130.9,N,0.0,Up
60,M,ASY,149.5,256.0,1,LVH,127.5,Y,0.0,Up
77,M,ASY,178.25,,0,Normal,130.9,N,1.0,Up
63,M,NAP,126.49999999999999,175.0,0,Normal,104.55,N,0.6,Up
63,F,NAP,149.5,256.0,0,LVH,126.64999999999999,N,0.5,Up
68,M,ASY,195.49999999999997,388.0,0,ST,103.7,Y,2.0,Flat
56,M,NAP,149.5,233.0,0,Normal,152.15,Y,0.4,Up
65,M,NAP,166.75,518.0,0,Normal,110.5,N,0.0,Flat
79,M,ASY,143.75,254.0,1,Normal,138.54999999999998,N,0.2,Flat
49,M,ATA,149.5,283.0,0,ST,83.3,N,0.0,Up
52,M,NAP,121.89999999999999,240.0,0,Normal,68.0,Y,0.0,Up
55,F,ATA,138.0,249.0,0,ST,149.6,N,0.0,Up
57,F,ASY,158.7,236.0,0,LVH,129.2,Y,0.2,Flat
66,F,NAP,155.25,304.0,1,Normal,144.5,N,0.0,Up
80,M,ASY,166.75,,1,Normal,115.6,N,1.8,Up
61,M,ASY,149.5,341.0,0,Normal,102.0,Y,1.0,Flat
55,M,ASY,114.99999999999999,,1,Normal,103.7,N,1.5,Down
63,M,ASY,151.79999999999998,218.0,1,LVH,118.14999999999999,N,0.1,Up
66,M,ATA,220.79999999999998,283.0,0,LVH,165.75,N,0.0,Up
64,M,TA,135.7,186.0,0,LVH,161.5,N,0.0,Flat
70,M,ASY,184.0,256.0,1,LVH,96.05,Y,1.0,Up
73,M,ASY,158.7,166.0,0,LVH,106.25,Y,3.6,Flat
67,F,ATA,151.79999999999998,342.0,0,Normal,141.1,N,1.2,Up
71,M,ASY,177.1,,0,ST,111.35,Y,1.5,Up
81,M,ASY,161.0,110.0,1,Normal,92.64999999999999,Y,1.5,Flat
76,M,NAP,143.75,309.0,0,Normal,111.35,Y,1.8,Flat
64,M,ASY,124.19999999999999,233.0,1,Normal,124.95,N,0.1,Up
54,F,ASY,117.3,265.0,0,LVH,103.7,N,0.6,Flat
75,M,ASY,172.5,,1,ST,130.9,N,3.7,Up
75,M,ASY,212.74999999999997,,0,Normal,83.3,Y,0.0,Up
60,M,ASY,184.0,355.0,0,Normal,84.14999999999999,Y,2.0,Flat
65,M,ASY,161.0,243.0,0,Normal,131.75,N,0.0,Up
58,M,ASY,135.7,186.0,0,Normal,105.39999999999999,N,0.0,Flat
50,M,NAP,158.7,175.0,0,Normal,147.04999999999998,N,0.0,Up
82,M,ASY,195.49999999999997,192.0,0,ST,109.64999999999999,Y,3.0,Down
68,M,ASY,143.75,,1,Normal,87.55,Y,1.0,Flat
59,M,ASY,128.79999999999998,204.0,0,Normal,121.55,N,0.1,Up
56,M,ATA,138.0,263.0,0,Normal,147.04999999999998,N,0.0,Up
54,M,ASY,166.75,,0,Normal,84.14999999999999,Y,0.0,Flat
70,F,ASY,195.49999999999997,225.0,1,LVH,124.1,Y,2.8,Flat
65,M,ASY,163.29999999999998,226.0,0,LVH,94.35,Y,0.0,Up
60,M,NAP,151.79999999999998,220.0,1,ST,137.7,N,0.0,Flat
67,M,NAP,126.49999999999999,277.0,0,Normal,136.0,N,0.0,Up
57,F,ATA,149.5,234.0,0,LVH,148.75,N,0.6,Flat
68,M,ASY,161.0,,1,Normal,102.85,Y,1.8,Up
41,M,ATA,138.0,243.0,0,Normal,136.0,N,0.0,Up
69,M,ASY,140.29999999999998,264.0,0,LVH,85.0,N,0.0,Flat
60,M,ASY,121.89999999999999,263.0,1,Normal,93.5,N,0.0,Flat
64,M,ATA,147.2,205.0,1,Normal,156.4,N,0.0,Up
64,M,ASY,161.0,404.0,0,Normal,105.39999999999999,Y,2.0,Flat
61,M,ASY,172.5,222.0,0,Normal,103.7,N,2.0,Flat
56,F,NAP,124.19999999999999,141.0,0,Normal,148.75,N,0.6,Flat
58,M,ASY,126.49999999999999,202.0,0,Normal,127.5,Y,0.0,Flat
74,F,ASY,184.0,164.0,0,LVH,123.25,N,6.2,Down
69,M,ASY,149.5,207.0,0,ST,81.6,Y,1.0,Flat
55,M,ASY,161.0,,0,ST,119.0,Y,0.5,Up
54,M,ATA,138.0,295.0,0,Normal,137.7,N,0.0,Up
51,M,ASY,149.5,307.0,0,Normal,119.0,N,0.0,Up
59,M,NAP,124.19999999999999,243.0,0,Normal,129.2,N,0.0,Up
57,M,ATA,161.0,224.0,1,Normal,103.7,N,0.0,Up
68,M,ASY,143.75,249.0,1,LVH,122.39999999999999,Y,1.2,Flat
61,M,TA,149.5,,0,ST,123.25,N,3.0,Flat
71,M,ASY,126.49999999999999,239.0,0,LVH,120.7,Y,1.2,Flat
69,M,NAP,120.74999999999999,,1,Normal,125.8,N,0.3,Flat
